{
  "16 Get Stock Prices Request" : {
    "transaction" : "16 Get Stock Prices Request",
    "sampleCount" : 948,
    "errorCount" : 0,
    "errorPct" : 0.0,
    "meanResTime" : 29442.224683544275,
    "medianResTime" : 28775.0,
    "minResTime" : 11316.0,
    "maxResTime" : 57483.0,
    "pct1ResTime" : 35140.00000000001,
    "pct2ResTime" : 54983.8,
    "pct3ResTime" : 56629.71,
    "throughput" : 6.511436225015454,
    "receivedKBytesPerSec" : 3.0840298526684524,
    "sentKBytesPerSec" : 2.1683591335256542
  },
  "14 Register Request" : {
    "transaction" : "14 Register Request",
    "sampleCount" : 10000,
    "errorCount" : 2782,
    "errorPct" : 27.82,
    "meanResTime" : 45917.861799999955,
    "medianResTime" : 45073.5,
    "minResTime" : 676.0,
    "maxResTime" : 77074.0,
    "pct1ResTime" : 73611.7,
    "pct2ResTime" : 74826.84999999999,
    "pct3ResTime" : 76333.95,
    "throughput" : 70.8837789560237,
    "receivedKBytesPerSec" : 58.36181329124018,
    "sentKBytesPerSec" : 13.425588479348011
  },
  "Total" : {
    "transaction" : "Total",
    "sampleCount" : 15841,
    "errorCount" : 2859,
    "errorPct" : 18.048103,
    "meanResTime" : 43604.47566441506,
    "medianResTime" : 40475.0,
    "minResTime" : 676.0,
    "maxResTime" : 79410.0,
    "pct1ResTime" : 72551.0,
    "pct2ResTime" : 73971.4,
    "pct3ResTime" : 76059.16,
    "throughput" : 93.42415664071716,
    "receivedKBytesPerSec" : 66.97668321685539,
    "sentKBytesPerSec" : 19.778667719022764
  },
  "17 Add Money Request" : {
    "transaction" : "17 Add Money Request",
    "sampleCount" : 43,
    "errorCount" : 0,
    "errorPct" : 0.0,
    "meanResTime" : 22246.37209302325,
    "medianResTime" : 21951.0,
    "minResTime" : 16728.0,
    "maxResTime" : 27740.0,
    "pct1ResTime" : 25683.8,
    "pct2ResTime" : 26068.4,
    "pct3ResTime" : 27740.0,
    "throughput" : 1.157781367797523,
    "receivedKBytesPerSec" : 0.4194696166532041,
    "sentKBytesPerSec" : 0.429645429456112
  },
  "15 Login Request" : {
    "transaction" : "15 Login Request",
    "sampleCount" : 4850,
    "errorCount" : 77,
    "errorPct" : 1.5876288,
    "meanResTime" : 41792.17690721644,
    "medianResTime" : 40504.5,
    "minResTime" : 5459.0,
    "maxResTime" : 79410.0,
    "pct1ResTime" : 60794.10000000002,
    "pct2ResTime" : 63049.25,
    "pct3ResTime" : 71573.84,
    "throughput" : 28.88142537277881,
    "receivedKBytesPerSec" : 15.831381464452027,
    "sentKBytesPerSec" : 6.717129606885094
  }
}