{
  "16 Get Stock Prices Request" : {
    "transaction" : "16 Get Stock Prices Request",
    "sampleCount" : 347,
    "errorCount" : 0,
    "errorPct" : 0.0,
    "meanResTime" : 36916.54178674348,
    "medianResTime" : 33905.0,
    "minResTime" : 10612.0,
    "maxResTime" : 61537.0,
    "pct1ResTime" : 53773.799999999996,
    "pct2ResTime" : 53930.0,
    "pct3ResTime" : 57878.52,
    "throughput" : 2.0859884098396133,
    "receivedKBytesPerSec" : 0.9879925573947387,
    "sentKBytesPerSec" : 0.694650437261043
  },
  "14 Register Request" : {
    "transaction" : "14 Register Request",
    "sampleCount" : 10000,
    "errorCount" : 2467,
    "errorPct" : 24.67,
    "meanResTime" : 49616.885200000004,
    "medianResTime" : 45889.5,
    "minResTime" : 637.0,
    "maxResTime" : 83276.0,
    "pct1ResTime" : 75566.8,
    "pct2ResTime" : 77340.84999999999,
    "pct3ResTime" : 81146.99,
    "throughput" : 68.54385435801825,
    "receivedKBytesPerSec" : 52.857077870530944,
    "sentKBytesPerSec" : 13.549131967054397
  },
  "Total" : {
    "transaction" : "Total",
    "sampleCount" : 15150,
    "errorCount" : 2525,
    "errorPct" : 16.666666,
    "meanResTime" : 47142.63346534657,
    "medianResTime" : 43214.0,
    "minResTime" : 637.0,
    "maxResTime" : 83276.0,
    "pct1ResTime" : 74475.0,
    "pct2ResTime" : 76468.45,
    "pct3ResTime" : 80748.0,
    "throughput" : 86.13044071496793,
    "receivedKBytesPerSec" : 59.58501956589406,
    "sentKBytesPerSec" : 18.272416211141813
  },
  "17 Add Money Request" : {
    "transaction" : "17 Add Money Request",
    "sampleCount" : 3,
    "errorCount" : 0,
    "errorPct" : 0.0,
    "meanResTime" : 49472.333333333336,
    "medianResTime" : 53834.0,
    "minResTime" : 40592.0,
    "maxResTime" : 53991.0,
    "pct1ResTime" : 53991.0,
    "pct2ResTime" : 53991.0,
    "pct3ResTime" : 53991.0,
    "throughput" : 0.055564816358281935,
    "receivedKBytesPerSec" : 0.020131393426682225,
    "sentKBytesPerSec" : 0.02061975607045619
  },
  "15 Login Request" : {
    "transaction" : "15 Login Request",
    "sampleCount" : 4800,
    "errorCount" : 58,
    "errorPct" : 1.2083334,
    "meanResTime" : 42725.74749999998,
    "medianResTime" : 41344.0,
    "minResTime" : 1360.0,
    "maxResTime" : 81597.0,
    "pct1ResTime" : 60773.500000000015,
    "pct2ResTime" : 66681.84999999999,
    "pct3ResTime" : 76526.84999999999,
    "throughput" : 27.566403445800432,
    "receivedKBytesPerSec" : 14.954224246231156,
    "sentKBytesPerSec" : 6.435996949030868
  }
}