{
  "16 Get Stock Prices Request" : {
    "transaction" : "16 Get Stock Prices Request",
    "sampleCount" : 25,
    "errorCount" : 13,
    "errorPct" : 52.0,
    "meanResTime" : 84755.56000000001,
    "medianResTime" : 87727.0,
    "minResTime" : 59606.0,
    "maxResTime" : 90160.0,
    "pct1ResTime" : 89642.0,
    "pct2ResTime" : 90019.9,
    "pct3ResTime" : 90160.0,
    "throughput" : 0.22524551761419948,
    "receivedKBytesPerSec" : 0.10668366801063159,
    "sentKBytesPerSec" : 0.07500851709613479
  },
  "14 Register Request" : {
    "transaction" : "14 Register Request",
    "sampleCount" : 10000,
    "errorCount" : 133,
    "errorPct" : 1.33,
    "meanResTime" : 60677.93209999999,
    "medianResTime" : 62306.0,
    "minResTime" : 604.0,
    "maxResTime" : 103225.0,
    "pct1ResTime" : 92463.8,
    "pct2ResTime" : 97549.59999999999,
    "pct3ResTime" : 100969.97,
    "throughput" : 57.65815632279342,
    "receivedKBytesPerSec" : 22.16067026345453,
    "sentKBytesPerSec" : 14.928332938735325
  },
  "Total" : {
    "transaction" : "Total",
    "sampleCount" : 12247,
    "errorCount" : 146,
    "errorPct" : 1.1921287,
    "meanResTime" : 59216.623744590295,
    "medianResTime" : 61503.0,
    "minResTime" : 604.0,
    "maxResTime" : 103225.0,
    "pct1ResTime" : 93209.8,
    "pct2ResTime" : 98348.6,
    "pct3ResTime" : 100614.20000000001,
    "throughput" : 70.6139440485251,
    "receivedKBytesPerSec" : 28.9475476544662,
    "sentKBytesPerSec" : 18.00408589119329
  },
  "15 Login Request" : {
    "transaction" : "15 Login Request",
    "sampleCount" : 2222,
    "errorCount" : 0,
    "errorPct" : 0.0,
    "meanResTime" : 52352.736723672264,
    "medianResTime" : 32378.5,
    "minResTime" : 5311.0,
    "maxResTime" : 101468.0,
    "pct1ResTime" : 98127.5,
    "pct2ResTime" : 98827.4,
    "pct3ResTime" : 99386.47,
    "throughput" : 12.924916819842247,
    "receivedKBytesPerSec" : 6.7780081369680545,
    "sentKBytesPerSec" : 3.0545213578142816
  }
}