{
  "16 Get Stock Prices Request" : {
    "transaction" : "16 Get Stock Prices Request",
    "sampleCount" : 58,
    "errorCount" : 0,
    "errorPct" : 0.0,
    "meanResTime" : 73586.36206896554,
    "medianResTime" : 83925.0,
    "minResTime" : 17375.0,
    "maxResTime" : 99049.0,
    "pct1ResTime" : 96805.6,
    "pct2ResTime" : 98444.25,
    "pct3ResTime" : 99049.0,
    "throughput" : 0.4945050260467734,
    "receivedKBytesPerSec" : 0.234213806281919,
    "sentKBytesPerSec" : 0.16467403699409153
  },
  "14 Register Request" : {
    "transaction" : "14 Register Request",
    "sampleCount" : 10000,
    "errorCount" : 133,
    "errorPct" : 1.33,
    "meanResTime" : 63604.35359999984,
    "medianResTime" : 62662.5,
    "minResTime" : 1136.0,
    "maxResTime" : 120266.0,
    "pct1ResTime" : 100213.6,
    "pct2ResTime" : 105384.14999999998,
    "pct3ResTime" : 117917.76999999999,
    "throughput" : 54.58515283842795,
    "receivedKBytesPerSec" : 20.979574278452514,
    "sentKBytesPerSec" : 14.132570491607533
  },
  "Total" : {
    "transaction" : "Total",
    "sampleCount" : 12541,
    "errorCount" : 133,
    "errorPct" : 1.0605215,
    "meanResTime" : 60159.37477075204,
    "medianResTime" : 59042.0,
    "minResTime" : 1136.0,
    "maxResTime" : 120266.0,
    "pct1ResTime" : 99227.8,
    "pct2ResTime" : 103996.7,
    "pct3ResTime" : 117464.56,
    "throughput" : 68.45524017467248,
    "receivedKBytesPerSec" : 28.236281215884283,
    "sentKBytesPerSec" : 17.441806043599893
  },
  "17 Add Money Request" : {
    "transaction" : "17 Add Money Request",
    "sampleCount" : 1,
    "errorCount" : 0,
    "errorPct" : 0.0,
    "meanResTime" : 89189.0,
    "medianResTime" : 89189.0,
    "minResTime" : 89189.0,
    "maxResTime" : 89189.0,
    "pct1ResTime" : 89189.0,
    "pct2ResTime" : 89189.0,
    "pct3ResTime" : 89189.0,
    "throughput" : 0.01121214499545908,
    "receivedKBytesPerSec" : 0.004062212688784492,
    "sentKBytesPerSec" : 0.004160756931908644
  },
  "15 Login Request" : {
    "transaction" : "15 Login Request",
    "sampleCount" : 2482,
    "errorCount" : 0,
    "errorPct" : 0.0,
    "meanResTime" : 45954.06325543918,
    "medianResTime" : 35737.5,
    "minResTime" : 2071.0,
    "maxResTime" : 104272.0,
    "pct1ResTime" : 96968.00000000001,
    "pct2ResTime" : 99158.25,
    "pct3ResTime" : 100716.19,
    "throughput" : 13.7082387509044,
    "receivedKBytesPerSec" : 7.188793173081703,
    "sentKBytesPerSec" : 3.2396423610535794
  }
}