{
  "23 Get Stock Portfolio Request" : {
    "transaction" : "23 Get Stock Portfolio Request",
    "sampleCount" : 1000,
    "errorCount" : 721,
    "errorPct" : 72.1,
    "meanResTime" : 130.96099999999984,
    "medianResTime" : 69.0,
    "minResTime" : 3.0,
    "maxResTime" : 1132.0,
    "pct1ResTime" : 342.0,
    "pct2ResTime" : 446.74999999999966,
    "pct3ResTime" : 766.7400000000002,
    "throughput" : 68.01333061280012,
    "receivedKBytesPerSec" : 77.13734548221451,
    "sentKBytesPerSec" : 10.462031026831259
  },
  "16 Get Stock Prices Request" : {
    "transaction" : "16 Get Stock Prices Request",
    "sampleCount" : 1000,
    "errorCount" : 649,
    "errorPct" : 64.9,
    "meanResTime" : 180.30200000000013,
    "medianResTime" : 116.5,
    "minResTime" : 4.0,
    "maxResTime" : 1114.0,
    "pct1ResTime" : 431.79999999999995,
    "pct2ResTime" : 531.7499999999997,
    "pct3ResTime" : 842.6900000000003,
    "throughput" : 63.26311127981274,
    "receivedKBytesPerSec" : 102.58094959907002,
    "sentKBytesPerSec" : 6.804800187416967
  },
  "14 Register Request" : {
    "transaction" : "14 Register Request",
    "sampleCount" : 1000,
    "errorCount" : 721,
    "errorPct" : 72.1,
    "meanResTime" : 439.9580000000005,
    "medianResTime" : 148.0,
    "minResTime" : 6.0,
    "maxResTime" : 3791.0,
    "pct1ResTime" : 1371.6999999999994,
    "pct2ResTime" : 2196.85,
    "pct3ResTime" : 2898.87,
    "throughput" : 64.98570314530804,
    "receivedKBytesPerSec" : 111.76322459059007,
    "sentKBytesPerSec" : 5.005295319404731
  },
  "19 Place Stock Order Request" : {
    "transaction" : "19 Place Stock Order Request",
    "sampleCount" : 1000,
    "errorCount" : 721,
    "errorPct" : 72.1,
    "meanResTime" : 181.46100000000007,
    "medianResTime" : 122.5,
    "minResTime" : 7.0,
    "maxResTime" : 1106.0,
    "pct1ResTime" : 429.5999999999999,
    "pct2ResTime" : 542.8999999999999,
    "pct3ResTime" : 790.99,
    "throughput" : 65.73757559821195,
    "receivedKBytesPerSec" : 93.79551556747963,
    "sentKBytesPerSec" : 10.85677887933868
  },
  "Total" : {
    "transaction" : "Total",
    "sampleCount" : 10000,
    "errorCount" : 7138,
    "errorPct" : 71.38,
    "meanResTime" : 222.64880000000022,
    "medianResTime" : 111.0,
    "minResTime" : 3.0,
    "maxResTime" : 3791.0,
    "pct1ResTime" : 479.0,
    "pct2ResTime" : 757.9499999999989,
    "pct3ResTime" : 2092.959999999999,
    "throughput" : 456.1211457763182,
    "receivedKBytesPerSec" : 654.1923323897328,
    "sentKBytesPerSec" : 57.92359935173782
  },
  "20 Get Stock Transactions Request" : {
    "transaction" : "20 Get Stock Transactions Request",
    "sampleCount" : 1000,
    "errorCount" : 721,
    "errorPct" : 72.1,
    "meanResTime" : 158.69100000000023,
    "medianResTime" : 100.0,
    "minResTime" : 7.0,
    "maxResTime" : 1062.0,
    "pct1ResTime" : 361.9,
    "pct2ResTime" : 474.94999999999993,
    "pct3ResTime" : 874.8000000000002,
    "throughput" : 65.98482349059717,
    "receivedKBytesPerSec" : 92.65777074397889,
    "sentKBytesPerSec" : 8.792542168426262
  },
  "17 Add Money Request" : {
    "transaction" : "17 Add Money Request",
    "sampleCount" : 1000,
    "errorCount" : 721,
    "errorPct" : 72.1,
    "meanResTime" : 189.83400000000015,
    "medianResTime" : 128.0,
    "minResTime" : 4.0,
    "maxResTime" : 1166.0,
    "pct1ResTime" : 439.69999999999993,
    "pct2ResTime" : 525.0,
    "pct3ResTime" : 750.96,
    "throughput" : 64.64124111182936,
    "receivedKBytesPerSec" : 92.23124646493213,
    "sentKBytesPerSec" : 8.996810863768584
  },
  "18 Get Wallet Balance Request" : {
    "transaction" : "18 Get Wallet Balance Request",
    "sampleCount" : 1000,
    "errorCount" : 721,
    "errorPct" : 72.1,
    "meanResTime" : 166.681,
    "medianResTime" : 107.0,
    "minResTime" : 3.0,
    "maxResTime" : 1131.0,
    "pct1ResTime" : 372.9,
    "pct2ResTime" : 522.8999999999999,
    "pct3ResTime" : 807.95,
    "throughput" : 64.92663290481755,
    "receivedKBytesPerSec" : 97.1092557987599,
    "sentKBytesPerSec" : 7.603136970847943
  },
  "22 Get Wallet Balance Request" : {
    "transaction" : "22 Get Wallet Balance Request",
    "sampleCount" : 1000,
    "errorCount" : 721,
    "errorPct" : 72.1,
    "meanResTime" : 137.90300000000025,
    "medianResTime" : 79.5,
    "minResTime" : 3.0,
    "maxResTime" : 1102.0,
    "pct1ResTime" : 350.69999999999993,
    "pct2ResTime" : 445.89999999999986,
    "pct3ResTime" : 798.95,
    "throughput" : 66.88068485821296,
    "receivedKBytesPerSec" : 79.16981476140316,
    "sentKBytesPerSec" : 9.849813674592028
  },
  "15 Login Request" : {
    "transaction" : "15 Login Request",
    "sampleCount" : 1000,
    "errorCount" : 721,
    "errorPct" : 72.1,
    "meanResTime" : 498.55200000000036,
    "medianResTime" : 239.0,
    "minResTime" : 6.0,
    "maxResTime" : 3261.0,
    "pct1ResTime" : 1476.8,
    "pct2ResTime" : 1994.7499999999995,
    "pct3ResTime" : 2716.95,
    "throughput" : 63.576832602199765,
    "receivedKBytesPerSec" : 101.55386994166827,
    "sentKBytesPerSec" : 5.821005388136563
  },
  "21 Get Wallet Transactions Request" : {
    "transaction" : "21 Get Wallet Transactions Request",
    "sampleCount" : 1000,
    "errorCount" : 721,
    "errorPct" : 72.1,
    "meanResTime" : 142.14499999999987,
    "medianResTime" : 87.0,
    "minResTime" : 3.0,
    "maxResTime" : 1107.0,
    "pct1ResTime" : 342.9,
    "pct2ResTime" : 452.6499999999995,
    "pct3ResTime" : 775.9100000000001,
    "throughput" : 66.02403274792024,
    "receivedKBytesPerSec" : 87.97205893882872,
    "sentKBytesPerSec" : 9.110478323484749
  }
}