{
  "23 Get Stock Portfolio Request" : {
    "transaction" : "23 Get Stock Portfolio Request",
    "sampleCount" : 997,
    "errorCount" : 0,
    "errorPct" : 0.0,
    "meanResTime" : 61.192577733199606,
    "medianResTime" : 7.0,
    "minResTime" : 1.0,
    "maxResTime" : 1333.0,
    "pct1ResTime" : 200.60000000000014,
    "pct2ResTime" : 377.1999999999998,
    "pct3ResTime" : 675.1599999999999,
    "throughput" : 131.87830687830686,
    "receivedKBytesPerSec" : 54.99222366898148,
    "sentKBytesPerSec" : 45.028702670304234
  },
  "16 Get Stock Prices Request" : {
    "transaction" : "16 Get Stock Prices Request",
    "sampleCount" : 1000,
    "errorCount" : 3,
    "errorPct" : 0.3,
    "meanResTime" : 3158.2619999999984,
    "medianResTime" : 2419.5,
    "minResTime" : 2.0,
    "maxResTime" : 14297.0,
    "pct1ResTime" : 7171.5,
    "pct2ResTime" : 8406.499999999995,
    "pct3ResTime" : 11528.830000000005,
    "throughput" : 39.687264356867885,
    "receivedKBytesPerSec" : 18.790330632118902,
    "sentKBytesPerSec" : 13.434487798646664
  },
  "14 Register Request" : {
    "transaction" : "14 Register Request",
    "sampleCount" : 1000,
    "errorCount" : 0,
    "errorPct" : 0.0,
    "meanResTime" : 5379.289000000012,
    "medianResTime" : 4900.0,
    "minResTime" : 364.0,
    "maxResTime" : 17267.0,
    "pct1ResTime" : 10311.4,
    "pct2ResTime" : 11356.849999999993,
    "pct3ResTime" : 13434.75,
    "throughput" : 41.909391894723605,
    "receivedKBytesPerSec" : 15.18396913373287,
    "sentKBytesPerSec" : 11.5304442264574
  },
  "Debug Sampler" : {
    "transaction" : "Debug Sampler",
    "sampleCount" : 997,
    "errorCount" : 0,
    "errorPct" : 0.0,
    "meanResTime" : 0.3049147442326985,
    "medianResTime" : 0.0,
    "minResTime" : 0.0,
    "maxResTime" : 23.0,
    "pct1ResTime" : 1.0,
    "pct2ResTime" : 1.0,
    "pct3ResTime" : 2.0,
    "throughput" : 135.72011979308468,
    "receivedKBytesPerSec" : 188.56855559147834,
    "sentKBytesPerSec" : 0.0
  },
  "19 Place Stock Order Request" : {
    "transaction" : "19 Place Stock Order Request",
    "sampleCount" : 997,
    "errorCount" : 0,
    "errorPct" : 0.0,
    "meanResTime" : 737.6359077231685,
    "medianResTime" : 347.0,
    "minResTime" : 9.0,
    "maxResTime" : 9522.0,
    "pct1ResTime" : 1691.8000000000004,
    "pct2ResTime" : 3126.5999999999995,
    "pct3ResTime" : 6797.379999999994,
    "throughput" : 49.77036741214057,
    "receivedKBytesPerSec" : 18.032037412015775,
    "sentKBytesPerSec" : 21.708235573083066
  },
  "Total" : {
    "transaction" : "Total",
    "sampleCount" : 10976,
    "errorCount" : 3,
    "errorPct" : 0.027332362,
    "meanResTime" : 1781.1577077259585,
    "medianResTime" : 350.0,
    "minResTime" : 0.0,
    "maxResTime" : 17267.0,
    "pct1ResTime" : 6143.300000000001,
    "pct2ResTime" : 8155.149999999992,
    "pct3ResTime" : 11195.379999999997,
    "throughput" : 352.28038643001577,
    "receivedKBytesPerSec" : 182.386908439516,
    "sentKBytesPerSec" : 108.45961957786372
  },
  "20 Get Stock Transactions Request" : {
    "transaction" : "20 Get Stock Transactions Request",
    "sampleCount" : 997,
    "errorCount" : 0,
    "errorPct" : 0.0,
    "meanResTime" : 485.41323971915773,
    "medianResTime" : 326.0,
    "minResTime" : 3.0,
    "maxResTime" : 5911.0,
    "pct1ResTime" : 1051.2,
    "pct2ResTime" : 1582.6999999999975,
    "pct3ResTime" : 3639.1199999999944,
    "throughput" : 92.36612933110987,
    "receivedKBytesPerSec" : 53.2692496989068,
    "sentKBytesPerSec" : 31.80821665971836
  },
  "17 Add Money Request" : {
    "transaction" : "17 Add Money Request",
    "sampleCount" : 997,
    "errorCount" : 0,
    "errorPct" : 0.0,
    "meanResTime" : 2262.9789368104307,
    "medianResTime" : 1260.0,
    "minResTime" : 8.0,
    "maxResTime" : 14230.0,
    "pct1ResTime" : 6402.4,
    "pct2ResTime" : 7688.499999999996,
    "pct3ResTime" : 9256.459999999997,
    "throughput" : 40.32029765034173,
    "receivedKBytesPerSec" : 14.608232840114045,
    "sentKBytesPerSec" : 15.184525960994055
  },
  "18 Get Wallet Balance Request" : {
    "transaction" : "18 Get Wallet Balance Request",
    "sampleCount" : 997,
    "errorCount" : 0,
    "errorPct" : 0.0,
    "meanResTime" : 1174.5336008024092,
    "medianResTime" : 465.0,
    "minResTime" : 2.0,
    "maxResTime" : 10640.0,
    "pct1ResTime" : 3588.0,
    "pct2ResTime" : 4994.199999999998,
    "pct3ResTime" : 8650.499999999998,
    "throughput" : 43.10046688569946,
    "receivedKBytesPerSec" : 16.162675082137298,
    "sentKBytesPerSec" : 14.674189839832266
  },
  "22 Get Wallet Balance Request" : {
    "transaction" : "22 Get Wallet Balance Request",
    "sampleCount" : 997,
    "errorCount" : 0,
    "errorPct" : 0.0,
    "meanResTime" : 102.52557673019041,
    "medianResTime" : 12.0,
    "minResTime" : 1.0,
    "maxResTime" : 1542.0,
    "pct1ResTime" : 338.0,
    "pct2ResTime" : 489.0999999999999,
    "pct3ResTime" : 890.1199999999999,
    "throughput" : 118.47890671420083,
    "receivedKBytesPerSec" : 44.31388796048723,
    "sentKBytesPerSec" : 40.33789178550208
  },
  "15 Login Request" : {
    "transaction" : "15 Login Request",
    "sampleCount" : 1000,
    "errorCount" : 0,
    "errorPct" : 0.0,
    "meanResTime" : 6015.7520000000095,
    "medianResTime" : 5637.0,
    "minResTime" : 473.0,
    "maxResTime" : 14786.0,
    "pct1ResTime" : 9820.9,
    "pct2ResTime" : 11130.649999999992,
    "pct3ResTime" : 12893.67,
    "throughput" : 40.29171199484266,
    "receivedKBytesPerSec" : 21.35118413564205,
    "sentKBytesPerSec" : 10.006824408719126
  },
  "21 Get Wallet Transactions Request" : {
    "transaction" : "21 Get Wallet Transactions Request",
    "sampleCount" : 997,
    "errorCount" : 0,
    "errorPct" : 0.0,
    "meanResTime" : 187.13440320962886,
    "medianResTime" : 45.0,
    "minResTime" : 1.0,
    "maxResTime" : 4238.0,
    "pct1ResTime" : 563.2000000000005,
    "pct2ResTime" : 682.3999999999996,
    "pct3ResTime" : 1444.8799999999992,
    "throughput" : 102.41397021058037,
    "receivedKBytesPerSec" : 48.462578646635855,
    "sentKBytesPerSec" : 35.368415350539294
  }
}