{
  "16 Get Stock Prices Request" : {
    "transaction" : "16 Get Stock Prices Request",
    "sampleCount" : 1000,
    "errorCount" : 1000,
    "errorPct" : 100.0,
    "meanResTime" : 2771.8190000000004,
    "medianResTime" : 2710.5,
    "minResTime" : 1.0,
    "maxResTime" : 8030.0,
    "pct1ResTime" : 5874.9,
    "pct2ResTime" : 6441.9,
    "pct3ResTime" : 6746.76,
    "throughput" : 44.10143329658214,
    "receivedKBytesPerSec" : 15.8920203969129,
    "sentKBytesPerSec" : 14.928722781146638
  },
  "14 Register Request" : {
    "transaction" : "14 Register Request",
    "sampleCount" : 1000,
    "errorCount" : 0,
    "errorPct" : 0.0,
    "meanResTime" : 5085.337999999993,
    "medianResTime" : 5583.0,
    "minResTime" : 222.0,
    "maxResTime" : 9997.0,
    "pct1ResTime" : 8111.7,
    "pct2ResTime" : 8566.75,
    "pct3ResTime" : 9238.53,
    "throughput" : 51.1012315396801,
    "receivedKBytesPerSec" : 18.514215723848945,
    "sentKBytesPerSec" : 14.059376037993767
  },
  "Total" : {
    "transaction" : "Total",
    "sampleCount" : 3000,
    "errorCount" : 1000,
    "errorPct" : 33.333332,
    "meanResTime" : 4901.183666666669,
    "medianResTime" : 5149.5,
    "minResTime" : 1.0,
    "maxResTime" : 12691.0,
    "pct1ResTime" : 8414.8,
    "pct2ResTime" : 9191.499999999998,
    "pct3ResTime" : 10952.51999999999,
    "throughput" : 121.10447279186178,
    "receivedKBytesPerSec" : 50.563995198712256,
    "sentKBytesPerSec" : 34.797194160746
  },
  "15 Login Request" : {
    "transaction" : "15 Login Request",
    "sampleCount" : 1000,
    "errorCount" : 0,
    "errorPct" : 0.0,
    "meanResTime" : 6846.394000000007,
    "medianResTime" : 7064.0,
    "minResTime" : 557.0,
    "maxResTime" : 12691.0,
    "pct1ResTime" : 9834.8,
    "pct2ResTime" : 10584.599999999999,
    "pct3ResTime" : 11547.76,
    "throughput" : 42.868778668495736,
    "receivedKBytesPerSec" : 22.716810522677584,
    "sentKBytesPerSec" : 10.646863077120932
  }
}