{
  "23 Get Stock Portfolio Request" : {
    "transaction" : "23 Get Stock Portfolio Request",
    "sampleCount" : 499,
    "errorCount" : 0,
    "errorPct" : 0.0,
    "meanResTime" : 6.545090180360722,
    "medianResTime" : 5.0,
    "minResTime" : 1.0,
    "maxResTime" : 98.0,
    "pct1ResTime" : 11.0,
    "pct2ResTime" : 16.0,
    "pct3ResTime" : 33.0,
    "throughput" : 169.2099016615802,
    "receivedKBytesPerSec" : 70.55920704052221,
    "sentKBytesPerSec" : 57.75891986690404
  },
  "16 Get Stock Prices Request" : {
    "transaction" : "16 Get Stock Prices Request",
    "sampleCount" : 1000,
    "errorCount" : 501,
    "errorPct" : 50.1,
    "meanResTime" : 3153.399000000006,
    "medianResTime" : 3244.5,
    "minResTime" : 2.0,
    "maxResTime" : 7131.0,
    "pct1ResTime" : 5847.8,
    "pct2ResTime" : 6268.75,
    "pct3ResTime" : 6666.860000000001,
    "throughput" : 44.238000442380006,
    "receivedKBytesPerSec" : 20.950019699734572,
    "sentKBytesPerSec" : 14.974951960296394
  },
  "14 Register Request" : {
    "transaction" : "14 Register Request",
    "sampleCount" : 1000,
    "errorCount" : 0,
    "errorPct" : 0.0,
    "meanResTime" : 5199.743999999999,
    "medianResTime" : 5764.5,
    "minResTime" : 229.0,
    "maxResTime" : 10499.0,
    "pct1ResTime" : 8438.4,
    "pct2ResTime" : 8884.0,
    "pct3ResTime" : 9513.64,
    "throughput" : 50.825921219822106,
    "receivedKBytesPerSec" : 18.41446950444727,
    "sentKBytesPerSec" : 13.983630479669632
  },
  "Debug Sampler" : {
    "transaction" : "Debug Sampler",
    "sampleCount" : 499,
    "errorCount" : 0,
    "errorPct" : 0.0,
    "meanResTime" : 0.27454909819639267,
    "medianResTime" : 0.0,
    "minResTime" : 0.0,
    "maxResTime" : 13.0,
    "pct1ResTime" : 1.0,
    "pct2ResTime" : 1.0,
    "pct3ResTime" : 2.0,
    "throughput" : 171.77280550774526,
    "receivedKBytesPerSec" : 238.5901866394148,
    "sentKBytesPerSec" : 0.0
  },
  "19 Place Stock Order Request" : {
    "transaction" : "19 Place Stock Order Request",
    "sampleCount" : 499,
    "errorCount" : 0,
    "errorPct" : 0.0,
    "meanResTime" : 400.70741482965946,
    "medianResTime" : 31.0,
    "minResTime" : 9.0,
    "maxResTime" : 5272.0,
    "pct1ResTime" : 1262.0,
    "pct2ResTime" : 3453.0,
    "pct3ResTime" : 4680.0,
    "throughput" : 47.41543139490688,
    "receivedKBytesPerSec" : 17.178833054209427,
    "sentKBytesPerSec" : 20.676511723204108
  },
  "Total" : {
    "transaction" : "Total",
    "sampleCount" : 6992,
    "errorCount" : 501,
    "errorPct" : 7.165332,
    "meanResTime" : 2383.0825228832837,
    "medianResTime" : 297.5,
    "minResTime" : 0.0,
    "maxResTime" : 12633.0,
    "pct1ResTime" : 7272.5999999999985,
    "pct2ResTime" : 8344.699999999999,
    "pct3ResTime" : 9274.629999999997,
    "throughput" : 241.9209743270362,
    "receivedKBytesPerSec" : 121.99391613253408,
    "sentKBytesPerSec" : 73.40535338168638
  },
  "20 Get Stock Transactions Request" : {
    "transaction" : "20 Get Stock Transactions Request",
    "sampleCount" : 499,
    "errorCount" : 0,
    "errorPct" : 0.0,
    "meanResTime" : 92.05811623246501,
    "medianResTime" : 11.0,
    "minResTime" : 3.0,
    "maxResTime" : 2858.0,
    "pct1ResTime" : 108.0,
    "pct2ResTime" : 493.0,
    "pct3ResTime" : 2389.0,
    "throughput" : 94.00904295403164,
    "receivedKBytesPerSec" : 54.18247662726074,
    "sentKBytesPerSec" : 32.36491498681236
  },
  "17 Add Money Request" : {
    "transaction" : "17 Add Money Request",
    "sampleCount" : 499,
    "errorCount" : 0,
    "errorPct" : 0.0,
    "meanResTime" : 1932.2965931863716,
    "medianResTime" : 647.0,
    "minResTime" : 6.0,
    "maxResTime" : 6813.0,
    "pct1ResTime" : 5322.0,
    "pct2ResTime" : 6006.0,
    "pct3ResTime" : 6665.0,
    "throughput" : 23.85163233115052,
    "receivedKBytesPerSec" : 8.641558198102386,
    "sentKBytesPerSec" : 8.980164592395202
  },
  "18 Get Wallet Balance Request" : {
    "transaction" : "18 Get Wallet Balance Request",
    "sampleCount" : 499,
    "errorCount" : 0,
    "errorPct" : 0.0,
    "meanResTime" : 969.4148296593197,
    "medianResTime" : 15.0,
    "minResTime" : 2.0,
    "maxResTime" : 6687.0,
    "pct1ResTime" : 4166.0,
    "pct2ResTime" : 5369.0,
    "pct3ResTime" : 6471.0,
    "throughput" : 29.467343805361992,
    "receivedKBytesPerSec" : 11.050253927010747,
    "sentKBytesPerSec" : 10.029747844573048
  },
  "22 Get Wallet Balance Request" : {
    "transaction" : "22 Get Wallet Balance Request",
    "sampleCount" : 499,
    "errorCount" : 0,
    "errorPct" : 0.0,
    "meanResTime" : 9.62525050100201,
    "medianResTime" : 5.0,
    "minResTime" : 1.0,
    "maxResTime" : 114.0,
    "pct1ResTime" : 20.0,
    "pct2ResTime" : 33.0,
    "pct3ResTime" : 100.0,
    "throughput" : 168.80920162381597,
    "receivedKBytesPerSec" : 63.13859787297023,
    "sentKBytesPerSec" : 57.4572902571042
  },
  "15 Login Request" : {
    "transaction" : "15 Login Request",
    "sampleCount" : 1000,
    "errorCount" : 0,
    "errorPct" : 0.0,
    "meanResTime" : 6601.652999999995,
    "medianResTime" : 6951.5,
    "minResTime" : 918.0,
    "maxResTime" : 12633.0,
    "pct1ResTime" : 8881.6,
    "pct2ResTime" : 9244.8,
    "pct3ResTime" : 9966.630000000001,
    "throughput" : 41.79204279505183,
    "receivedKBytesPerSec" : 22.146231990241557,
    "sentKBytesPerSec" : 10.379445628552324
  },
  "21 Get Wallet Transactions Request" : {
    "transaction" : "21 Get Wallet Transactions Request",
    "sampleCount" : 499,
    "errorCount" : 0,
    "errorPct" : 0.0,
    "meanResTime" : 11.356713426853714,
    "medianResTime" : 6.0,
    "minResTime" : 1.0,
    "maxResTime" : 201.0,
    "pct1ResTime" : 26.0,
    "pct2ResTime" : 43.0,
    "pct3ResTime" : 94.0,
    "throughput" : 163.92904073587385,
    "receivedKBytesPerSec" : 77.5119215054205,
    "sentKBytesPerSec" : 56.596673271189225
  }
}