{
  "16 Get Stock Prices Request" : {
    "transaction" : "16 Get Stock Prices Request",
    "sampleCount" : 1000,
    "errorCount" : 1000,
    "errorPct" : 100.0,
    "meanResTime" : 2970.694,
    "medianResTime" : 3114.0,
    "minResTime" : 1.0,
    "maxResTime" : 9414.0,
    "pct1ResTime" : 5939.9,
    "pct2ResTime" : 6220.75,
    "pct3ResTime" : 6632.87,
    "throughput" : 43.88081969371188,
    "receivedKBytesPerSec" : 15.812521940409846,
    "sentKBytesPerSec" : 14.85404313758831
  },
  "14 Register Request" : {
    "transaction" : "14 Register Request",
    "sampleCount" : 1000,
    "errorCount" : 0,
    "errorPct" : 0.0,
    "meanResTime" : 5359.877,
    "medianResTime" : 5605.0,
    "minResTime" : 361.0,
    "maxResTime" : 14325.0,
    "pct1ResTime" : 8561.2,
    "pct2ResTime" : 9947.75,
    "pct3ResTime" : 11446.74,
    "throughput" : 44.271294492650966,
    "receivedKBytesPerSec" : 16.03969751638038,
    "sentKBytesPerSec" : 12.18026959834868
  },
  "Total" : {
    "transaction" : "Total",
    "sampleCount" : 3000,
    "errorCount" : 1000,
    "errorPct" : 33.333332,
    "meanResTime" : 4964.21000000001,
    "medianResTime" : 5235.5,
    "minResTime" : 1.0,
    "maxResTime" : 14325.0,
    "pct1ResTime" : 8211.8,
    "pct2ResTime" : 9405.849999999999,
    "pct3ResTime" : 11268.859999999997,
    "throughput" : 119.75091809037202,
    "receivedKBytesPerSec" : 49.99885394629172,
    "sentKBytesPerSec" : 34.40827453895896
  },
  "15 Login Request" : {
    "transaction" : "15 Login Request",
    "sampleCount" : 1000,
    "errorCount" : 0,
    "errorPct" : 0.0,
    "meanResTime" : 6562.0589999999975,
    "medianResTime" : 6882.5,
    "minResTime" : 632.0,
    "maxResTime" : 14206.0,
    "pct1ResTime" : 9040.599999999999,
    "pct2ResTime" : 10196.9,
    "pct3ResTime" : 11471.87,
    "throughput" : 42.69672516118013,
    "receivedKBytesPerSec" : 22.6256367816276,
    "sentKBytesPerSec" : 10.604131975577474
  }
}