{
  "16 Get Stock Prices Request" : {
    "transaction" : "16 Get Stock Prices Request",
    "sampleCount" : 482,
    "errorCount" : 234,
    "errorPct" : 48.547718,
    "meanResTime" : 48755.30497925311,
    "medianResTime" : 48781.0,
    "minResTime" : 228.0,
    "maxResTime" : 52231.0,
    "pct1ResTime" : 51446.0,
    "pct2ResTime" : 51725.7,
    "pct3ResTime" : 52067.74,
    "throughput" : 4.866032669049205,
    "receivedKBytesPerSec" : 2.304712738758657,
    "sentKBytesPerSec" : 1.6204268946736125
  },
  "14 Register Request" : {
    "transaction" : "14 Register Request",
    "sampleCount" : 5000,
    "errorCount" : 0,
    "errorPct" : 0.0,
    "meanResTime" : 30775.105000000014,
    "medianResTime" : 30552.5,
    "minResTime" : 649.0,
    "maxResTime" : 63949.0,
    "pct1ResTime" : 51898.30000000001,
    "pct2ResTime" : 54902.9,
    "pct3ResTime" : 57944.759999999995,
    "throughput" : 71.37045548624691,
    "receivedKBytesPerSec" : 25.857850571677346,
    "sentKBytesPerSec" : 18.729405720520433
  },
  "Total" : {
    "transaction" : "Total",
    "sampleCount" : 10341,
    "errorCount" : 234,
    "errorPct" : 2.2628372,
    "meanResTime" : 40474.554588530926,
    "medianResTime" : 47976.0,
    "minResTime" : 228.0,
    "maxResTime" : 63949.0,
    "pct1ResTime" : 53279.8,
    "pct2ResTime" : 54490.8,
    "pct3ResTime" : 57128.64,
    "throughput" : 92.19371288982401,
    "receivedKBytesPerSec" : 40.88880752077279,
    "sentKBytesPerSec" : 23.37843575593317
  },
  "17 Add Money Request" : {
    "transaction" : "17 Add Money Request",
    "sampleCount" : 9,
    "errorCount" : 0,
    "errorPct" : 0.0,
    "meanResTime" : 48197.666666666664,
    "medianResTime" : 48599.0,
    "minResTime" : 41704.0,
    "maxResTime" : 51994.0,
    "pct1ResTime" : 51994.0,
    "pct2ResTime" : 51994.0,
    "pct3ResTime" : 51994.0,
    "throughput" : 0.09388691842269976,
    "receivedKBytesPerSec" : 0.034015670639474235,
    "sentKBytesPerSec" : 0.034840848633423745
  },
  "18 Get Wallet Balance Request" : {
    "transaction" : "18 Get Wallet Balance Request",
    "sampleCount" : 1,
    "errorCount" : 0,
    "errorPct" : 0.0,
    "meanResTime" : 48678.0,
    "medianResTime" : 48678.0,
    "minResTime" : 48678.0,
    "maxResTime" : 48678.0,
    "pct1ResTime" : 48678.0,
    "pct2ResTime" : 48678.0,
    "pct3ResTime" : 48678.0,
    "throughput" : 0.020543161181642632,
    "receivedKBytesPerSec" : 0.0077036854431159875,
    "sentKBytesPerSec" : 0.006881156528616624
  },
  "15 Login Request" : {
    "transaction" : "15 Login Request",
    "sampleCount" : 4849,
    "errorCount" : 0,
    "errorPct" : 0.0,
    "meanResTime" : 49636.90039183336,
    "medianResTime" : 51420.0,
    "minResTime" : 3548.0,
    "maxResTime" : 58647.0,
    "pct1ResTime" : 53658.0,
    "pct2ResTime" : 54476.0,
    "pct3ResTime" : 56582.5,
    "throughput" : 43.83633470745642,
    "receivedKBytesPerSec" : 22.988390369046975,
    "sentKBytesPerSec" : 10.359758788285601
  }
}