{
  "16 Get Stock Prices Request" : {
    "transaction" : "16 Get Stock Prices Request",
    "sampleCount" : 686,
    "errorCount" : 0,
    "errorPct" : 0.0,
    "meanResTime" : 38799.37609329447,
    "medianResTime" : 36243.5,
    "minResTime" : 26727.0,
    "maxResTime" : 59982.0,
    "pct1ResTime" : 57460.3,
    "pct2ResTime" : 58753.0,
    "pct3ResTime" : 59298.98,
    "throughput" : 7.444868900850842,
    "receivedKBytesPerSec" : 3.526134196203768,
    "sentKBytesPerSec" : 2.4791995070216184
  },
  "14 Register Request" : {
    "transaction" : "14 Register Request",
    "sampleCount" : 5000,
    "errorCount" : 0,
    "errorPct" : 0.0,
    "meanResTime" : 34694.8908,
    "medianResTime" : 33542.5,
    "minResTime" : 558.0,
    "maxResTime" : 69279.0,
    "pct1ResTime" : 58225.9,
    "pct2ResTime" : 62851.549999999996,
    "pct3ResTime" : 68501.88,
    "throughput" : 63.733238158364344,
    "receivedKBytesPerSec" : 23.09085093432927,
    "sentKBytesPerSec" : 16.725207471606844
  },
  "Total" : {
    "transaction" : "Total",
    "sampleCount" : 10160,
    "errorCount" : 0,
    "errorPct" : 0.0,
    "meanResTime" : 40521.51515748036,
    "medianResTime" : 41153.0,
    "minResTime" : 558.0,
    "maxResTime" : 95176.0,
    "pct1ResTime" : 60224.8,
    "pct2ResTime" : 67938.04999999997,
    "pct3ResTime" : 83144.57999999999,
    "throughput" : 96.6339797791495,
    "receivedKBytesPerSec" : 42.305639736444135,
    "sentKBytesPerSec" : 24.983509553424515
  },
  "17 Add Money Request" : {
    "transaction" : "17 Add Money Request",
    "sampleCount" : 214,
    "errorCount" : 0,
    "errorPct" : 0.0,
    "meanResTime" : 38990.72429906543,
    "medianResTime" : 39220.5,
    "minResTime" : 34264.0,
    "maxResTime" : 46069.0,
    "pct1ResTime" : 41114.5,
    "pct2ResTime" : 41545.75,
    "pct3ResTime" : 45655.35,
    "throughput" : 4.0432285368802905,
    "receivedKBytesPerSec" : 1.4648806515454957,
    "sentKBytesPerSec" : 1.5004168398579203
  },
  "15 Login Request" : {
    "transaction" : "15 Login Request",
    "sampleCount" : 4260,
    "errorCount" : 0,
    "errorPct" : 0.0,
    "meanResTime" : 47714.49600938958,
    "medianResTime" : 46479.0,
    "minResTime" : 2917.0,
    "maxResTime" : 95176.0,
    "pct1ResTime" : 65056.200000000004,
    "pct2ResTime" : 72327.7,
    "pct3ResTime" : 90455.30000000012,
    "throughput" : 40.99267712974279,
    "receivedKBytesPerSec" : 21.49713634635925,
    "sentKBytesPerSec" : 9.687722524802494
  }
}