{
  "23 Get Stock Portfolio Request" : {
    "transaction" : "23 Get Stock Portfolio Request",
    "sampleCount" : 5000,
    "errorCount" : 0,
    "errorPct" : 0.0,
    "meanResTime" : 1371.6386000000025,
    "medianResTime" : 1415.0,
    "minResTime" : 0.0,
    "maxResTime" : 5043.0,
    "pct1ResTime" : 2116.0,
    "pct2ResTime" : 2518.8999999999996,
    "pct3ResTime" : 3442.959999999999,
    "throughput" : 323.79225488926306,
    "receivedKBytesPerSec" : 135.01884066183138,
    "sentKBytesPerSec" : 108.77396062686181
  },
  "16 Get Stock Prices Request" : {
    "transaction" : "16 Get Stock Prices Request",
    "sampleCount" : 5000,
    "errorCount" : 39,
    "errorPct" : 0.78,
    "meanResTime" : 27723.6802,
    "medianResTime" : 27707.0,
    "minResTime" : 1328.0,
    "maxResTime" : 50424.0,
    "pct1ResTime" : 47753.5,
    "pct2ResTime" : 48980.95,
    "pct3ResTime" : 49692.979999999996,
    "throughput" : 40.36978725122119,
    "receivedKBytesPerSec" : 19.1023131257317,
    "sentKBytesPerSec" : 13.443454543619554
  },
  "14 Register Request" : {
    "transaction" : "14 Register Request",
    "sampleCount" : 5000,
    "errorCount" : 0,
    "errorPct" : 0.0,
    "meanResTime" : 30899.179999999924,
    "medianResTime" : 29844.0,
    "minResTime" : 360.0,
    "maxResTime" : 69956.0,
    "pct1ResTime" : 50507.9,
    "pct2ResTime" : 56543.99999999988,
    "pct3ResTime" : 63389.94,
    "throughput" : 67.02143345441871,
    "receivedKBytesPerSec" : 24.282179503505223,
    "sentKBytesPerSec" : 17.588112764399558
  },
  "19 Place Stock Order Request" : {
    "transaction" : "19 Place Stock Order Request",
    "sampleCount" : 5000,
    "errorCount" : 0,
    "errorPct" : 0.0,
    "meanResTime" : 4114.846000000004,
    "medianResTime" : 4085.0,
    "minResTime" : 1404.0,
    "maxResTime" : 33799.0,
    "pct1ResTime" : 5642.0,
    "pct2ResTime" : 5783.95,
    "pct3ResTime" : 6213.9299999999985,
    "throughput" : 88.46426043878273,
    "receivedKBytesPerSec" : 32.05101623319179,
    "sentKBytesPerSec" : 38.098377786624205
  },
  "Total" : {
    "transaction" : "Total",
    "sampleCount" : 50000,
    "errorCount" : 39,
    "errorPct" : 0.078,
    "meanResTime" : 13156.394440000051,
    "medianResTime" : 2507.5,
    "minResTime" : 0.0,
    "maxResTime" : 69956.0,
    "pct1ResTime" : 5221.0,
    "pct2ResTime" : 5556.950000000001,
    "pct3ResTime" : 6169.980000000003,
    "throughput" : 341.00596760443307,
    "receivedKBytesPerSec" : 146.75341671994886,
    "sentKBytesPerSec" : 113.14882379582268
  },
  "20 Get Stock Transactions Request" : {
    "transaction" : "20 Get Stock Transactions Request",
    "sampleCount" : 5000,
    "errorCount" : 0,
    "errorPct" : 0.0,
    "meanResTime" : 4528.5495999999985,
    "medianResTime" : 4811.0,
    "minResTime" : 983.0,
    "maxResTime" : 7145.0,
    "pct1ResTime" : 5822.600000000002,
    "pct2ResTime" : 6033.95,
    "pct3ResTime" : 6360.969999999999,
    "throughput" : 198.96538002387584,
    "receivedKBytesPerSec" : 115.05495641414645,
    "sentKBytesPerSec" : 67.42283873855949
  },
  "17 Add Money Request" : {
    "transaction" : "17 Add Money Request",
    "sampleCount" : 5000,
    "errorCount" : 0,
    "errorPct" : 0.0,
    "meanResTime" : 7266.787600000001,
    "medianResTime" : 3045.0,
    "minResTime" : 1315.0,
    "maxResTime" : 49891.0,
    "pct1ResTime" : 25560.90000000033,
    "pct2ResTime" : 45220.299999999996,
    "pct3ResTime" : 47964.84,
    "throughput" : 40.17936066601308,
    "receivedKBytesPerSec" : 14.557170710049663,
    "sentKBytesPerSec" : 14.910309622153292
  },
  "18 Get Wallet Balance Request" : {
    "transaction" : "18 Get Wallet Balance Request",
    "sampleCount" : 5000,
    "errorCount" : 0,
    "errorPct" : 0.0,
    "meanResTime" : 3664.7392000000077,
    "medianResTime" : 3277.0,
    "minResTime" : 1318.0,
    "maxResTime" : 49326.0,
    "pct1ResTime" : 4645.500000000003,
    "pct2ResTime" : 5447.749999999999,
    "pct3ResTime" : 24183.81999999993,
    "throughput" : 48.49660523763336,
    "receivedKBytesPerSec" : 18.186226964112514,
    "sentKBytesPerSec" : 16.244468355965083
  },
  "22 Get Wallet Balance Request" : {
    "transaction" : "22 Get Wallet Balance Request",
    "sampleCount" : 5000,
    "errorCount" : 0,
    "errorPct" : 0.0,
    "meanResTime" : 2022.4047999999982,
    "medianResTime" : 1868.0,
    "minResTime" : 2.0,
    "maxResTime" : 5877.0,
    "pct1ResTime" : 3104.7000000000016,
    "pct2ResTime" : 4060.0,
    "pct3ResTime" : 4877.959999999999,
    "throughput" : 246.56048128605948,
    "receivedKBytesPerSec" : 92.21939876226638,
    "sentKBytesPerSec" : 82.58812996202968
  },
  "15 Login Request" : {
    "transaction" : "15 Login Request",
    "sampleCount" : 5000,
    "errorCount" : 0,
    "errorPct" : 0.0,
    "meanResTime" : 46764.06419999997,
    "medianResTime" : 50122.0,
    "minResTime" : 2341.0,
    "maxResTime" : 57170.0,
    "pct1ResTime" : 51931.4,
    "pct2ResTime" : 52644.95,
    "pct3ResTime" : 54840.26999999998,
    "throughput" : 42.48413217663203,
    "receivedKBytesPerSec" : 22.27927634653457,
    "sentKBytesPerSec" : 10.040195299555617
  },
  "21 Get Wallet Transactions Request" : {
    "transaction" : "21 Get Wallet Transactions Request",
    "sampleCount" : 5000,
    "errorCount" : 0,
    "errorPct" : 0.0,
    "meanResTime" : 3208.0542000000023,
    "medianResTime" : 3081.5,
    "minResTime" : 249.0,
    "maxResTime" : 6409.0,
    "pct1ResTime" : 4653.900000000001,
    "pct2ResTime" : 5263.0,
    "pct3ResTime" : 5754.98,
    "throughput" : 215.20185934406476,
    "receivedKBytesPerSec" : 102.16720881843419,
    "sentKBytesPerSec" : 73.1350068864595
  }
}